Workbook

Sheet S1_included_studies
A1: Ref. no. | B1: DOI | C1: First author | D1: Year | E1: Title | F1: Journal | G1: Country (corresponding author) | H1: Imaging task | I1: Task family | J1: Modality | K1: Ionizing modality | L1: Quantum paradigm | M1: Execution context | N1: Hardware modality | O1: Qubit count (as reported) | P1: Dataset realism | Q1: Classical baseline | R1: Baseline rigor | S1: Statistical testing | T1: External validation | U1: Reproducibility tier | V1: Translational level | W1: Clinical-readiness score (0-4) | X1: Resource-accounting score (0-4) | Y1: Quality-fit subset
A2: 9 | B2: 10.1002/ima.23015 | C2: Roy, Suman Kumar | D2: 2024 | E2: Quantum-inspired hybrid algorithm for image classification and segmentation: Q-Means++ max-cut method | F2: International Journal of Imaging Systems and Technology | G2: India | H2: Classification | I2: Predictive | J2: MRI | K2: No | L2: Hybrid quantum-classical | M2: Real quantum hardware | N2: Quantum annealer | O2: 14 qubits are needed for batch-wise Q-Means++ circuit | P2: Public benchmark | Q2: Yes | R2: Matched data and compute | S2: No | T2: No | U2: Data only | V2: Proof of concept | W2: 0 | X2: 1 | Y2: No
A3: 10 | B3: 10.1002/jemt.24054 | C3: Amin, Javaria | D3: 2022 | E3: Breast microscopic cancer segmentation and classification using unique 4-qubit-quantum model | F3: Microscopy Research and Technique | G3: Saudi Arabia | H3: Classification | I3: Predictive | J3: Histopathology | K3: No | L3: Hybrid quantum-classical | M3: Ideal or unspecified simulator | N3: Simulator only | O3: 4-qubit system | P3: Public benchmark | Q3: Yes | R3: Matched data | S3: No | T3: No | U3: None | V3: In silico | W3: 0 | X3: 2 | Y3: No
A4: 11 | B4: 10.1007/s00259-023-06362-6 | C4: Moradi, S. | D4: 2023 | E4: Error mitigation enables PET radiomic cancer characterization on quantum computers | F4: European Journal of Nuclear Medicine and Molecular Imaging | G4: Austria | H4: Radiomics | I4: Representation learning | J4: PET | K4: Yes | L4: Quantum machine learning | M4: Real quantum hardware | N4: Trapped ion | O4: 3 and 4 qubits (8 and 16 features); executed on the 21-qubit IonQ Aria | P4: Private single-center | Q4: Yes | R4: Matched data and compute | S4: Yes | T4: No | U4: Code without model weights | V4: Retrospective clinical | W4: 0 | X4: 1 | Y4: Yes
A5: 12 | B5: 10.1007/s00521-022-07388-x | C5: Amin, Javaria | D5: 2022 | E5: A secure two-qubit quantum model for segmentation and classification of brain tumor using MRI images based on blockchain | F5: Neural Computing and Applications | G5: Pakistan | H5: Segmentation | I5: Segmentation | J5: MRI | K5: No | L5: Hybrid quantum-classical | M5: Ideal or unspecified simulator | N5: Simulator only | O5: two-qubit quantum nodes | P5: Public benchmark | Q5: Yes | R5: Weak | S5: No | T5: No | U5: None | V5: Retrospective clinical | W5: 0 | X5: 1 | Y5: No
A6: 13 | B6: 10.1007/s00521-023-08566-1 | C6: Kulkarni, Viraj | D6: 2023 | E6: A classical–quantum convolutional neural network for detecting pneumonia from chest radiographs | F6: Neural Computing and Applications | G6: India | H6: Classification | I6: Predictive | J6: X-ray | K6: Yes | L6: Hybrid quantum-classical | M6: Ideal or unspecified simulator | N6: Simulator only | O6: two qubits | P6: Public benchmark | Q6: Yes | R6: Matched data and compute with statistics | S6: Yes | T6: No | U6: Data only | V6: Retrospective clinical | W6: 0 | X6: 1 | Y6: No
A7: 14 | B7: 10.1007/s00521-023-08717-4 | C7: Amin, Javaria | D7: 2023 | E7: Detection of brain space-occupying lesions using quantum machine learning | F7: Neural Computing and Applications | G7: Pakistan | H7: Segmentation | I7: Segmentation | J7: MRI | K7: No | L7: Quantum machine learning | M7: Ideal or unspecified simulator | N7: Simulator only | O7: 4 wires (qubit) | P7: Private single-center | Q7: Yes | R7: Weak | S7: No | T7: Yes | U7: Data only | V7: Retrospective clinical | W7: 1 | X7: 1 | Y7: No
A8: 15 | B8: 10.1007/s00521-023-09207-3 | C8: Arora, Riya | D8: 2023 | E8: MLDC: multi-lung disease classification using quantum classifier and artificial neural networks | F8: Neural Computing and Applications | G8: India | H8: Classification | I8: Predictive | J8: X-ray | K8: Yes | L8: Quantum machine learning | M8: Ideal or unspecified simulator | N8: Simulator only | O8: encoded four qubits | P8: Public benchmark | Q8: Yes | R8: Matched data | S8: No | T8: No | U8: None | V8: Retrospective clinical | W8: 0 | X8: 2 | Y8: No
A9: 16 | B9: 10.1007/s10278-023-00886-x | C9: Felefly, Tony | D9: 2023 | E9: An Explainable MRI-Radiomic Quantum Neural Network to Differentiate Between Large Brain Metastases and High-Grade Glioma Using Quantum Annealing for Feature Selection | F9: Journal of Digital Imaging | G9: Lebanon | H9: Classification | I9: Predictive | J9: MRI | K9: No | L9: Quantum machine learning | M9: Real quantum hardware | N9: Quantum annealer | O9: two qubits | P9: Private multi-center | Q9: Yes | R9: Matched data | S9: No | T9: No | U9: None | V9: Retrospective clinical | W9: 0 | X9: 2 | Y9: No
A10: 17 | B10: 10.1007/s10278-025-01630-3 | C10: Idress, Wail M. | D10: 2025 | E10: QCNN-Swin-UNet: Quantum Convolutional Neural Network Integrated with Optimized Swin-UNet for Efficient Liver Tumor Segmentation and Classification on Edge Devices | F10: Journal of Imaging Informatics in Medicine | G10: China | H10: Segmentation | I10: Segmentation | J10: CT | K10: Yes | L10: Quantum machine learning | M10: Ideal or unspecified simulator | N10: Simulator only | O10: eight qubits (q0 to q7) | P10: Public benchmark | Q10: Yes | R10: Matched data and compute with statistics | S10: Yes | T10: No | U10: Data only | V10: Retrospective clinical | W10: 0 | X10: 1 | Y10: No
A11: 18 | B11: 10.1007/s10791-025-09634-x | C11: Radhika, S. | D11: 2025 | E11: Design and implementation of quantum hippo inspired convolutional neural networks using parametric quantum circuits for an efficient lung cancer classification | F11: Discover Computing | G11: India | H11: Classification | I11: Predictive | J11: CT | K11: Yes | L11: Hybrid quantum-classical | M11: Ideal or unspecified simulator | N11: Simulator only | O11: two qubits | P11: Public benchmark | Q11: Yes | R11: Weak | S11: No | T11: No | U11: None | V11: Proof of concept | W11: 0 | X11: 1 | Y11: No
A12: 19 | B12: 10.1007/s10791-025-09791-z | C12: Ayalew, Aleka Melese | D12: 2025 | E12: An explainable hybrid deep learning system for tuberculosis detection with Grad-CAM | F12: Discover Computing | G12: Finland | H12: Classification | I12: Predictive | J12: X-ray | K12: Yes | L12: Quantum kernel methods | M12: Ideal or unspecified simulator | N12: Simulator only | O12: 5-qubit feature map | P12: Private single-center | Q12: Yes | R12: Matched data | S12: No | T12: No | U12: Data only | V12: Retrospective clinical | W12: 1 | X12: 1 | Y12: No
A13: 20 | B13: 10.1007/s11128-024-04369-y | C13: Liu, You-hang | D13: 2024 | E13: Efficient preparation of lossless quantum images based on Gray code | F13: Quantum Information Processing | G13: China | H13: Other | I13: Representation learning | J13: MRI | K13: Yes | L13: FRQI or NEQR encoding | M13: Ideal or unspecified simulator | N13: Not reported | O13: q+2n | P13: Public benchmark | Q13: No | R13: None | S13: No | T13: No | U13: Data only | V13: Proof of concept | W13: 0 | X13: 3 | Y13: No
... A134: 141 | B134: 10.7717/peerj-cs.3387 | C134: S., Sabari Vasan | D134: 2026 | E134: Alzheimer's disease detection using a quantum deep neural network with Haralick feature extraction and simulated annealing optimization | F134: PeerJ Computer Science | G134: India | H134: Classification | I134: Predictive | J134: MRI | K134: No | L134: Hybrid quantum-classical | M134: Ideal or unspecified simulator | N134: Simulator only | O134: Not reported | P134: Public benchmark | Q134: Yes | R134: Matched data | S134: No | T134: No | U134: Code without model weights | V134: Proof of concept | W134: 0 | X134: 0 | Y134: No

Sheet README
A1: Supplementary Table S1. Included studies (N = 133) with their extracted characteristics
A2: Quantum Computing for Medical Imaging Applications: A PRISMA-Compliant Systematic Review (IEEE TRPMS).
A4: Contents
A5: Sheet "S1_included_studies": one row per included study, ordered by the reference number of the study in the manuscript bibliography.
A6: Sheet "Checks": counts computed by formula from S1 and compared with the values reported in Section III of the manuscript.
A8: Source of every value
A9: All characteristics are copied from the committed extraction workbook 7-Manuscript/supp_enrich/out/extractions_ai_enriched_v134.xlsx in the public repository https://github.com/lpapp-muw/qc-medimaging-review, restricted to the 133 included studies (the workbook also holds the study excluded during the critical appraisal). Values were extracted by AI with verbatim-quote grounding and derived by deterministic scripts, as described in Sections II-E to II-G of the manuscript. Nothing was re-extracted for this table.
A10: Dataset realism applies the post-appraisal correction overlay 7-Manuscript/provenance/extraction_corrections_post_appraisal.json (two studies, one moved from single-center to multi-center and one in the opposite direction).
A11: Publication year is taken from the co-author extraction (6-InterRaterKappa/human.xlsx), because the AI workbook does not carry it. Country names are merged for spelling variants only (for example Republic of Korea and South Korea).
A12: Ref. no. is the reference number of the study in the submitted manuscript.
A14: Column notes
A15: Imaging task, Task family, Modality, Quantum paradigm and Execution context are the derived axes A to D (Section II-G). Imaging task is the single primary task label.
... A19: Quality-fit subset marks the seven studies meeting the pre-registered sensitivity criteria (Section III-H).

Sheet Checks
A1: Quantity | B1: Column | C1: Value counted | D1: Count in this table | E1: Value in the manuscript | F1: Match
A2: Included studies | B2: DOI | C2: (rows) | D2: =COUNTA(S1_included_studies!$B$2:$B$134) -> 133 | E2: 133 | F2: =IF(D2=E2,"yes","NO") -> yes
A3: Classification | B3: Imaging task | C3: Classification | D3: =COUNTIF(S1_included_studies!$H$2:$H$134,C3) -> 96 | E3: 96 | F3: =IF(D3=E3,"yes","NO") -> yes
A4: Segmentation | B4: Imaging task | C4: Segmentation | D4: =COUNTIF(S1_included_studies!$H$2:$H$134,C4) -> 15 | E4: 15 | F4: =IF(D4=E4,"yes","NO") -> yes
A5: Reconstruction | B5: Imaging task | C5: Reconstruction | D5: =COUNTIF(S1_included_studies!$H$2:$H$134,C5) -> 7 | E5: 7 | F5: =IF(D5=E5,"yes","NO") -> yes
A6: Predictive task family | B6: Task family | C6: Predictive | D6: =COUNTIF(S1_included_studies!$I$2:$I$134,C6) -> 98 | E6: 98 | F6: =IF(D6=E6,"yes","NO") -> yes
A7: MRI | B7: Modality | C7: MRI | D7: =COUNTIF(S1_included_studies!$J$2:$J$134,C7) -> 36 | E7: 36 | F7: =IF(D7=E7,"yes","NO") -> yes
A8: CT | B8: Modality | C8: CT | D8: =COUNTIF(S1_included_studies!$J$2:$J$134,C8) -> 27 | E8: 27 | F8: =IF(D8=E8,"yes","NO") -> yes
A9: X-ray | B9: Modality | C9: X-ray | D9: =COUNTIF(S1_included_studies!$J$2:$J$134,C9) -> 20 | E9: 20 | F9: =IF(D9=E9,"yes","NO") -> yes
A10: Dermoscopy | B10: Modality | C10: Dermoscopy | D10: =COUNTIF(S1_included_studies!$J$2:$J$134,C10) -> 17 | E10: 17 | F10: =IF(D10=E10,"yes","NO") -> yes
A11: Ionizing modality | B11: Ionizing modality | C11: Yes | D11: =COUNTIF(S1_included_studies!$K$2:$K$134,C11) -> 56 | E11: 56 | F11: =IF(D11=E11,"yes","NO") -> yes
A12: Hybrid quantum-classical | B12: Quantum paradigm | C12: Hybrid quantum-classical | D12: =COUNTIF(S1_included_studies!$L$2:$L$134,C12) -> 83 | E12: 83 | F12: =IF(D12=E12,"yes","NO") -> yes
A13: Quantum machine learning | B13: Quantum paradigm | C13: Quantum machine learning | D13: =COUNTIF(S1_included_studies!$L$2:$L$134,C13) -> 23 | E13: 23 | F13: =IF(D13=E13,"yes","NO") -> yes
A14: Quantum kernel methods | B14: Quantum paradigm | C14: Quantum kernel methods | D14: =COUNTIF(S1_included_studies!$L$2:$L$134,C14) -> 10 | E14: 10 | F14: =IF(D14=E14,"yes","NO") -> yes
A15: Ideal or unspecified simulator | B15: Execution context | C15: Ideal or unspecified simulator | D15: =COUNTIF(S1_included_studies!$M$2:$M$134,C15) -> 109 | E15: 109 | F15: =IF(D15=E15,"yes","NO") -> yes
A16: Real quantum hardware | B16: Execution context | C16: Real quantum hardware | D16: =COUNTIF(S1_included_studies!$M$2:$M$134,C16) -> 21 | E16: 21 | F16: =IF(D16=E16,"yes","NO") -> yes
A17: Noisy simulator | B17: Execution context | C17: Noisy simulator | D17: =COUNTIF(S1_included_studies!$M$2:$M$134,C17) -> 3 | E17: 3 | F17: =IF(D17=E17,"yes","NO") -> yes
A18: Hardware modality simulator only | B18: Hardware modality | C18: Simulator only | D18: =COUNTIF(S1_included_studies!$N$2:$N$134,C18) -> 105 | E18: 105 | F18: =IF(D18=E18,"yes","NO") -> yes
A19: Hardware modality annealer | B19: Hardware modality | C19: Quantum annealer | D19: =COUNTIF(S1_included_studies!$N$2:$N$134,C19) -> 9 | E19: 9 | F19: =IF(D19=E19,"yes","NO") -> yes
A20: Public benchmark | B20: Dataset realism | C20: Public benchmark | D20: =COUNTIF(S1_included_studies!$P$2:$P$134,C20) -> 98 | E20: 98 | F20: =IF(D20=E20,"yes","NO") -> yes
A21: Private single-center | B21: Dataset realism | C21: Private single-center | D21: =COUNTIF(S1_included_studies!$P$2:$P$134,C21) -> 20 | E21: 20 | F21: =IF(D21=E21,"yes","NO") -> yes
A22: Private multi-center | B22: Dataset realism | C22: Private multi-center | D22: =COUNTIF(S1_included_studies!$P$2:$P$134,C22) -> 6 | E22: 6 | F22: =IF(D22=E22,"yes","NO") -> yes
A23: Toy | B23: Dataset realism | C23: Toy | D23: =COUNTIF(S1_included_studies!$P$2:$P$134,C23) -> 8 | E23: 8 | F23: =IF(D23=E23,"yes","NO") -> yes
A24: Classical baseline present | B24: Classical baseline | C24: Yes | D24: =COUNTIF(S1_included_studies!$Q$2:$Q$134,C24) -> 124 | E24: 124 | F24: =IF(D24=E24,"yes","NO") -> yes
A25: Strictest baseline rigor | B25: Baseline rigor | C25: Matched data and compute with statistics | D25: =COUNTIF(S1_included_studies!$R$2:$R$134,C25) -> 28 | E25: 28 | F25: =IF(D25=E25,"yes","NO") -> yes
A26: Statistical testing | B26: Statistical testing | C26: Yes | D26: =COUNTIF(S1_included_studies!$S$2:$S$134,C26) -> 34 | E26: 34 | F26: =IF(D26=E26,"yes","NO") -> yes
A27: External validation | B27: External validation | C27: Yes | D27: =COUNTIF(S1_included_studies!$T$2:$T$134,C27) -> 11 | E27: 11 | F27: =IF(D27=E27,"yes","NO") -> yes
A28: Reproducibility tier none | B28: Reproducibility tier | C28: None | D28: =COUNTIF(S1_included_studies!$U$2:$U$134,C28) -> 49 | E28: 49 | F28: =IF(D28=E28,"yes","NO") -> yes
A29: Code without model weights | B29: Reproducibility tier | C29: Code without model weights | D29: =COUNTIF(S1_included_studies!$U$2:$U$134,C29) -> 29 | E29: 29 | F29: =IF(D29=E29,"yes","NO") -> yes
A30: Proof of concept | B30: Translational level | C30: Proof of concept | D30: =COUNTIF(S1_included_studies!$V$2:$V$134,C30) -> 83 | E30: 83 | F30: =IF(D30=E30,"yes","NO") -> yes
A31: Retrospective clinical | B31: Translational level | C31: Retrospective clinical | D31: =COUNTIF(S1_included_studies!$V$2:$V$134,C31) -> 35 | E31: 35 | F31: =IF(D31=E31,"yes","NO") -> yes
A32: Clinical-readiness score 0 | B32: Clinical-readiness score (0-4) | C32: 0 | D32: =COUNTIF(S1_included_studies!$W$2:$W$134,C32) -> 118 | E32: 118 | F32: =IF(D32=E32,"yes","NO") -> yes
A33: Resource-accounting score 1 | B33: Resource-accounting score (0-4) | C33: 1 | D33: =COUNTIF(S1_included_studies!$X$2:$X$134,C33) -> 52 | E33: 52 | F33: =IF(D33=E33,"yes","NO") -> yes
A34: Quality-fit subset | B34: Quality-fit subset | C34: Yes | D34: =COUNTIF(S1_included_studies!$Y$2:$Y$134,C34) -> 7 | E34: 7 | F34: =IF(D34=E34,"yes","NO") -> yes
A35: Corresponding author in India | B35: Country (corresponding author) | C35: India | D35: =COUNTIF(S1_included_studies!$G$2:$G$134,C35) -> 42 | E35: 42 | F35: =IF(D35=E35,"yes","NO") -> yes
A36: Corresponding author in China | B36: Country (corresponding author) | C36: China | D36: =COUNTIF(S1_included_studies!$G$2:$G$134,C36) -> 16 | E36: 16 | F36: =IF(D36=E36,"yes","NO") -> yes
A37: Published 2025 | B37: Year | C37: 2025 | D37: =COUNTIF(S1_included_studies!$D$2:$D$134,C37) -> 49 | E37: 49 | F37: =IF(D37=E37,"yes","NO") -> yes
A38: Published 2026 | B38: Year | C38: 2026 | D38: =COUNTIF(S1_included_studies!$D$2:$D$134,C38) -> 35 | E38: 35 | F38: =IF(D38=E38,"yes","NO") -> yes
