Workbook

Sheet S2_fulltext_exclusions
A1: No. | B1: DOI | C1: First author | D1: Year | E1: Title | F1: Journal | G1: Exclusion route | H1: Reason (consolidated) | I1: Reason as recorded | J1: Recorded note
A2: 1 | B2: 10.1007/s10586-024-04852-2 | C2: Ahmadpour, Seyed-Sajad | D2: 2025 | E2: A new quantum-enhanced approach to AI-driven medical imaging system | F2: Cluster Computing | G2: Automated paradigm and scope rule | H2: Quantum cellular automata | I2: quantum cellular automata, not gate/annealing quantum computing | J2: Rule applied to extracted paradigm fields. Subcategory: quantum_cellular_automata. Facets: quantum_cellular_automata; detector_instrumentation.
A3: 2 | B3: 10.1007/s11227-025-07963-8 | C3: Kush, Lav | D3: 2025 | E3: Energy-efficient design of priority encoder-based median filter in QCA for impulse noise reduction | F3: The Journal of Supercomputing | G3: Automated paradigm and scope rule | H3: Quantum cellular automata | I3: quantum cellular automata, not gate/annealing quantum computing | J3: Rule applied to extracted paradigm fields. Subcategory: quantum_cellular_automata. Facets: quantum_cellular_automata; quantum_arithmetic_logic; quantum_image_representation.
A4: 3 | B4: 10.1103/physreva.110.063512 | C4: Huang, Yiyue | D4: 2024 | E4: Deep learning in classical x-ray ghost imaging for dose reduction | F4: Physical Review A | G4: Automated paradigm and scope rule | H4: Quantum physics phenomenon | I4: quantum physics phenomenon (entanglement / error-correction), not quantum computing | J4: Rule applied to extracted paradigm fields. Subcategory: quantum_physics_phenomenon. Facets: quantum_physics_phenomenon.
A5: 4 | B5: 10.1016/j.ejmp.2026.105780 | C5: Kožuljević, Ana Marija | D5: 2026 | E5: Towards polarization-enhanced PET: Study of random background in polarization-correlated Compton events | F5: Physica Medica | G5: Automated paradigm and scope rule | H5: Quantum sensing or detector physics | I5: quantum sensing / detector physics, not quantum computing | J5: Rule applied to extracted paradigm fields. Subcategory: detector_instrumentation. Facets: detector_instrumentation; quantum_physics_phenomenon.
A6: 5 | B6: 10.1038/s41467-021-22907-5 | C6: Watts, D. P. | D6: 2021 | E6: Photon quantum entanglement in the MeV regime and its application in PET imaging | F6: Nature Communications | G6: Automated paradigm and scope rule | H6: Quantum sensing or detector physics | I6: quantum sensing / detector physics, not quantum computing | J6: Rule applied to extracted paradigm fields. Subcategory: detector_instrumentation. Facets: detector_instrumentation; quantum_physics_phenomenon.
A7: 6 | B7: 10.1038/s41598-024-60472-1 | C7: Hiesmayr, B. C. | D7: 2024 | E7: Quantum error channels in high energetic photonic systems | F7: Scientific Reports | G7: Automated paradigm and scope rule | H7: Quantum sensing or detector physics | I7: quantum sensing / detector physics, not quantum computing | J7: Rule applied to extracted paradigm fields. Subcategory: detector_instrumentation. Facets: detector_instrumentation; quantum_physics_phenomenon.
A8: 7 | B8: 10.1038/s41598-025-32951-6 | C8: Gurunath Bharathi, Praveen | D8: 2025 | E8: Machine learning-assisted event classification in cadmium zinc telluride positron emission tomography detectors leveraging entanglement-informed angular correlations | F8: Scientific Reports | G8: Automated paradigm and scope rule | H8: Quantum sensing or detector physics | I8: quantum sensing / detector physics, not quantum computing | J8: Rule applied to extracted paradigm fields. Subcategory: detector_instrumentation. Facets: detector_instrumentation; quantum_physics_phenomenon.
A9: 8 | B9: 10.1088/1748-0221/18/07/p07007 | C9: Kim, Donghwan | D9: 2023 | E9: Background reduction in PET by double Compton scattering of quantum entangled annihilation photons | F9: Journal of Instrumentation | G9: Automated paradigm and scope rule | H9: Quantum sensing or detector physics | I9: quantum sensing / detector physics, not quantum computing | J9: Rule applied to extracted paradigm fields. Subcategory: detector_instrumentation. Facets: detector_instrumentation; quantum_physics_phenomenon.
A10: 9 | B10: 10.1109/tim.2025.3533651 | C10: Kim, Sundo | D10: 2025 | E10: A Light Detector Capacitance Compensation Technique Achieving Boosted Active Quenching for Single-Photon Avalanche Diodes | F10: IEEE Transactions on Instrumentation and Measurement | G10: Automated paradigm and scope rule | H10: Quantum sensing or detector physics | I10: quantum sensing / detector physics, not quantum computing | J10: Rule applied to extracted paradigm fields. Subcategory: detector_instrumentation. Facets: detector_instrumentation.
A11: 10 | B11: 10.1109/tns.2022.3140396 | C11: Dudak, Jan | D11: 2022 | E11: Applicability of Large-Area Single-Photon Counting Detectors Timepix for High-Resolution and High-Contrast X-Ray Imaging of Biological Samples | F11: IEEE Transactions on Nuclear Science | G11: Automated paradigm and scope rule | H11: Quantum sensing or detector physics | I11: quantum sensing / detector physics, not quantum computing | J11: Rule applied to extracted paradigm fields. Subcategory: detector_instrumentation. Facets: detector_instrumentation.
A12: 11 | B12: 10.1109/tns.2024.3369972 | C12: Granja, C. | D12: 2024 | E12: Composition and Spectral Characterization of Mixed-Radiation Fields With Enhanced Discrimination by Quantum Imaging Detection | F12: IEEE Transactions on Nuclear Science | G12: Automated paradigm and scope rule | H12: Quantum sensing or detector physics | I12: quantum sensing / detector physics, not quantum computing | J12: Rule applied to extracted paradigm fields. Subcategory: detector_instrumentation. Facets: detector_instrumentation.
A13: 12 | B13: 10.1109/trpms.2024.3388872 | C13: Romanchek, Gregory | D13: 2024 | E13: Quantum Entanglement Filtering: A PET feasibility study in imaging dual-positron and prompt gamma emission via Monte Carlo simulation | F13: IEEE Transactions on Radiation and Plasma Medical Sciences | G13: Automated paradigm and scope rule | H13: Quantum sensing or detector physics | I13: quantum sensing / detector physics, not quantum computing | J13: Rule applied to extracted paradigm fields. Subcategory: detector_instrumentation. Facets: detector_instrumentation; quantum_physics_phenomenon.
... A49: 48 | B49: 10.7759/cureus.67486 | C49: Jeyaraman, Naveen | D49: 2024 | E49: Revolutionizing Healthcare: The Emerging Role of Quantum Computing in Enhancing Medical Technology and Treatment | F49: Cureus | G49: Individual full-text review | H49: Secondary or review article | I49: secondary study (review / perspective) | J49: Narrative review (type stated in its abstract). No primary dataset.

Sheet README
A1: Supplementary Table S2. Reports excluded at full text (N = 48), with reason, exclusion route and recorded basis
A2: Quantum Computing for Medical Imaging Applications: A PRISMA-Compliant Systematic Review (IEEE TRPMS).
A4: Contents
A5: Sheet "S2_fulltext_exclusions": one row per excluded report, grouped by exclusion route and reason.
A6: Sheet "Checks": counts computed by formula from S2 and compared with Section III-A of the manuscript.
A8: Exclusion routes (Section II-D)
A9: Automated paradigm and scope rule (16): a deterministic rule applied to the extracted quantum-method and scope fields. Source: 4-FullTextExtraction/extract_v1/excluded_fulltext.csv.
A10: Individual full-text review (31): reports re-read against the full text and decided individually, each decision confirmed by the corresponding author. Source: 5-Adjudication/manual_fulltext_exclusions_v47.csv (basis and evidence columns).
A11: Decision during critical appraisal (1): excluded after the critical appraisal of the quality-fit subset. Source: docs/DECISION_N133_access_exclusion.md.
A12: All sources are in the public repository https://github.com/lpapp-muw/qc-medimaging-review. Titles and journals come from the full-text extraction workbook, and years from the co-author extraction.
A13: Eight reviewer notes were reworded before publication on 25 September 2026: for five secondary articles the article type was confirmed on the journal, publisher or abstract page, and three notes had internal working remarks removed. The original notes remain in the repository CSV.
A14: "Reason as recorded" is the exclusion reason exactly as stored. "Reason (consolidated)" groups it into the nine categories reported in Section III-A. "Recorded note" is the note stored with each decision: the rule inputs for the automated route, and the reviewer note for the individual reviews.

Sheet Checks
A1: Quantity | B1: Column | C1: Value counted | D1: Count in this table | E1: Value in the manuscript | F1: Match
A2: Excluded at full text | B2: DOI | C2: (rows) | D2: =COUNTA(S2_fulltext_exclusions!$B$2:$B$49) -> 48 | E2: 48 | F2: =IF(D2=E2,"yes","NO") -> yes
A3: Automated rule | B3: Exclusion route | C3: Automated paradigm and scope rule | D3: =COUNTIF(S2_fulltext_exclusions!$G$2:$G$49,C3) -> 16 | E3: 16 | F3: =IF(D3=E3,"yes","NO") -> yes
A4: Individual review | B4: Exclusion route | C4: Individual full-text review | D4: =COUNTIF(S2_fulltext_exclusions!$G$2:$G$49,C4) -> 31 | E4: 31 | F4: =IF(D4=E4,"yes","NO") -> yes
A5: Critical appraisal | B5: Exclusion route | C5: Decision during critical appraisal | D5: =COUNTIF(S2_fulltext_exclusions!$G$2:$G$49,C5) -> 1 | E5: 1 | F5: =IF(D5=E5,"yes","NO") -> yes
A6: Secondary or review | B6: Reason (consolidated) | C6: Secondary or review article | D6: =COUNTIF(S2_fulltext_exclusions!$H$2:$H$49,C6) -> 11 | E6: 11 | F6: =IF(D6=E6,"yes","NO") -> yes
A7: Quantum sensing or detector physics | B7: Reason (consolidated) | C7: Quantum sensing or detector physics | D7: =COUNTIF(S2_fulltext_exclusions!$H$2:$H$49,C7) -> 10 | E7: 10 | F7: =IF(D7=E7,"yes","NO") -> yes
A8: Non-imaging medical data | B8: Reason (consolidated) | C8: Non-imaging medical data | D8: =COUNTIF(S2_fulltext_exclusions!$H$2:$H$49,C8) -> 9 | E8: 9 | F8: =IF(D8=E8,"yes","NO") -> yes
A9: Non-medical data | B9: Reason (consolidated) | C9: Non-medical data | D9: =COUNTIF(S2_fulltext_exclusions!$H$2:$H$49,C9) -> 9 | E9: 9 | F9: =IF(D9=E9,"yes","NO") -> yes
A10: Quantum cellular automata | B10: Reason (consolidated) | C10: Quantum cellular automata | D10: =COUNTIF(S2_fulltext_exclusions!$H$2:$H$49,C10) -> 2 | E10: 2 | F10: =IF(D10=E10,"yes","NO") -> yes
A11: Method only | B11: Reason (consolidated) | C11: Method only, no imaging dataset | D11: =COUNTIF(S2_fulltext_exclusions!$H$2:$H$49,C11) -> 2 | E11: 2 | F11: =IF(D11=E11,"yes","NO") -> yes
A12: Instrumentation or physics | B12: Reason (consolidated) | C12: Instrumentation or physics | D12: =COUNTIF(S2_fulltext_exclusions!$H$2:$H$49,C12) -> 2 | E12: 2 | F12: =IF(D12=E12,"yes","NO") -> yes
A13: Quantum-inspired classical | B13: Reason (consolidated) | C13: Quantum-inspired classical method | D13: =COUNTIF(S2_fulltext_exclusions!$H$2:$H$49,C13) -> 2 | E13: 2 | F13: =IF(D13=E13,"yes","NO") -> yes
A14: Quantum physics phenomenon | B14: Reason (consolidated) | C14: Quantum physics phenomenon | D14: =COUNTIF(S2_fulltext_exclusions!$H$2:$H$49,C14) -> 1 | E14: 1 | F14: =IF(D14=E14,"yes","NO") -> yes
